k,p_true,p_hat,abs_error,rel_error,elapsed_ms
1000000000,22801763489,2.2801797563375461764651401773517071350342957620515848814993870805296885285906459113318134637543347e10,34074,1.494375e-6,31
