{
  "band": "10^7",
  "n": 10000000,
  "z5d": {
    "mean_time_s": 0.003373861312866211,
    "std_time_s": 0,
    "trials": [
      0.003373861312866211
    ],
    "predictions": [
      "179424673"
    ]
  },
  "primesieve": {
    "mean_time_s": 0.005588054656982422,
    "std_time_s": 0,
    "trials": [
      0.005588054656982422
    ],
    "primes": [
      "179424673"
    ]
  },
  "speedup": 0.6037631197201127
}