{
  "band": "10^5",
  "n": 100000,
  "z5d": {
    "mean_time_s": 0.0035400390625,
    "std_time_s": 0,
    "trials": [
      0.0035400390625
    ],
    "predictions": [
      "1299709"
    ]
  },
  "primesieve": {
    "mean_time_s": 0.003609895706176758,
    "std_time_s": 0,
    "trials": [
      0.003609895706176758
    ],
    "primes": [
      "1299709"
    ]
  },
  "speedup": 0.9806485701076547
}