{
  "band": "10^11",
  "n": 100000000000,
  "z5d": {
    "mean_time_s": 0.0037369728088378906,
    "std_time_s": 0,
    "trials": [
      0.0037369728088378906
    ],
    "predictions": [
      "2760727302517"
    ]
  },
  "primesieve": {
    "mean_time_s": 61.05669188499451,
    "std_time_s": 0,
    "trials": [
      61.05669188499451
    ],
    "primes": [
      "2760727302517"
    ]
  },
  "speedup": 6.120496694902498e-05
}