{
  "band": "10^10",
  "n": 10000000000,
  "z5d": {
    "mean_time_s": 0.003300189971923828,
    "std_time_s": 0,
    "trials": [
      0.003300189971923828
    ],
    "predictions": [
      "252097800623"
    ]
  },
  "primesieve": {
    "mean_time_s": 4.71952486038208,
    "std_time_s": 0,
    "trials": [
      4.71952486038208
    ],
    "primes": [
      "252097800623"
    ]
  },
  "speedup": 0.0006992631821112292
}