{
  "band": "10^8",
  "n": 100000000,
  "z5d": {
    "mean_time_s": 0.003019094467163086,
    "std_time_s": 0,
    "trials": [
      0.003019094467163086
    ],
    "predictions": [
      "2038074743"
    ]
  },
  "primesieve": {
    "mean_time_s": 0.027042865753173828,
    "std_time_s": 0,
    "trials": [
      0.027042865753173828
    ],
    "primes": [
      "2038074743"
    ]
  },
  "speedup": 0.11164106994868901
}