{
  "band": "10^4",
  "n": 10000,
  "z5d": {
    "mean_time_s": 0.0035851001739501953,
    "std_time_s": 0,
    "trials": [
      0.0035851001739501953
    ],
    "predictions": [
      "104729"
    ]
  },
  "primesieve": {
    "mean_time_s": 0.004463911056518555,
    "std_time_s": 0,
    "trials": [
      0.004463911056518555
    ],
    "primes": [
      "104729"
    ]
  },
  "speedup": 0.8031298403033702
}