{
  "band": "10^6",
  "n": 1000000,
  "z5d": {
    "mean_time_s": 0.0035119056701660156,
    "std_time_s": 0,
    "trials": [
      0.0035119056701660156
    ],
    "predictions": [
      "15485863"
    ]
  },
  "primesieve": {
    "mean_time_s": 0.0037059783935546875,
    "std_time_s": 0,
    "trials": [
      0.0037059783935546875
    ],
    "primes": [
      "15485863"
    ]
  },
  "speedup": 0.9476325270200721
}