{
  "band": "10^9",
  "n": 1000000000,
  "z5d": {
    "mean_time_s": 0.003718137741088867,
    "std_time_s": 0,
    "trials": [
      0.003718137741088867
    ],
    "predictions": [
      "22801763489"
    ]
  },
  "primesieve": {
    "mean_time_s": 0.316281795501709,
    "std_time_s": 0,
    "trials": [
      0.316281795501709
    ],
    "primes": [
      "22801763489"
    ]
  },
  "speedup": 0.011755775368578799
}