{
  "scales": [
    14,
    15,
    16,
    17,
    18
  ],
  "optimal_theta_drift": [
    0.05999999999999994,
    0.05999999999999994,
    0.05999999999999994,
    0.05999999999999994,
    0.05999999999999994
  ],
  "optimal_k": [
    0.7505050505050505,
    0.24191919191919192,
    0.1843434343434343,
    0.05,
    0.05
  ],
  "min_error": [
    2642920332874.5,
    26711519010368.0,
    268298429864768.0,
    2682860494968832.0,
    2.673978713337037e+16
  ],
  "phi_alignment_score": [
    0.9702402064755721,
    0.9702402064755721,
    0.9702402064755721,
    0.9702402064755721,
    0.9702402064755721
  ]
}